<?xml version="1.0"?>
<!DOCTYPE module PUBLIC
    "-//Puppy Crawl//DTD Check Configuration 1.2//EN"
    "http://www.puppycrawl.com/dtds/configuration_1_2.dtd">
<module name="Checker">

    <module name="NewlineAtEndOfFile">
        <property name="severity" value="warning"/>
        <property name="lineSeparator" value="lf"/>
    </module>

    <module name="LineLength">
        <property name="severity" value="warning"/>
        <property name="tabWidth" value="4"/>
        <property name="ignorePattern" value="^$"/>
        <property name="max" value="80"/>
    </module>

    <module name="TreeWalker">
        <module name="DeclarationOrder"/>
        <module name="AvoidStarImport"/>
        <module name="RedundantImport"/>
        <module name="UnusedImports"/>
        <module name="Indentation">
            <property name="caseIndent" value="4"/>
        </module>
        <module name="JavadocStyle">
            <property name="checkEmptyJavadoc" value="true"/>
        </module>
        <module name="InvalidJavadocPosition"/>
        <module name="JavadocBlockTagLocation"/>
        <module name="JavadocContentLocationCheck"/>
        <module name="JavadocMissingLeadingAsterisk"/>
        <module name="JavadocMissingWhitespaceAfterAsterisk"/>
        <module name="MissingJavadocMethod"/>
        <module name="MissingJavadocType"/>
        <module name="JavadocType">
            <property name="authorFormat" value="\S"/>
            <property name="versionFormat" value="\S"/>
        </module>
        <module name="JavadocMethod">
            <property name="validateThrows" value="true"/>
        </module>
        <module name="TrailingComment"/>
        <module name="MultipleVariableDeclarations"/>
        <module name="MethodLength">
            <property name="severity" value="warning"/>
            <property name="countEmpty" value="false"/>
            <property name="max" value="80"/>
        </module>
        <module name="LeftCurly">
            <property name="option" value="nl"/>
        </module>
        <module name="RightCurly">
            <property name="option" value="alone"/>
        </module>
        <module name="NeedBraces"/>
        <module name="EmptyBlock"/>
        <module name="MissingSwitchDefault"/>
        <module name="DefaultComesLast"/>
        <module name="FallThrough"/>
        <module name="MethodParamPad"/>
        <module name="NoWhitespaceAfter"/>
        <module name="NoWhitespaceBefore"/>
        <module name="OperatorWrap"/>
        <module name="ParenPad"/>
        <module name="TypecastParenPad"/>
        <module name="WhitespaceAfter"/>
        <module name="WhitespaceAround">
            <property name="tokens" value="ASSIGN, BAND, BAND_ASSIGN, BOR, BOR_ASSIGN, BSR, BSR_ASSIGN, BXOR, BXOR_ASSIGN, COLON, DIV, DIV_ASSIGN, EQUAL, GE, GT, LAND, LCURLY, LE, LITERAL_ASSERT, LITERAL_CATCH, LITERAL_DO, LITERAL_ELSE, LITERAL_FINALLY, LITERAL_FOR, LITERAL_IF, LITERAL_RETURN, LITERAL_SYNCHRONIZED, LITERAL_TRY, LITERAL_WHILE, LOR, LT, MINUS, MINUS_ASSIGN, MOD, MOD_ASSIGN, NOT_EQUAL, PLUS, PLUS_ASSIGN, RCURLY, SL, SLIST, SL_ASSIGN, SR, SR_ASSIGN, STAR, STAR_ASSIGN, TYPE_EXTENSION_AND, QUESTION"/>
        </module>
        <module name="PackageName"/>
        <module name="TypeName"/>
        <module name="ConstantName">
            <property name="format" value="^^[A-Z][A-Z0-9_]*$"/>
        </module>
        <module name="LocalFinalVariableName">
            <property name="format" value="^[A-Z][A-Z0-9_]*$"/>
        </module>
        <module name="LocalVariableName"/>
        <module name="MemberName"/>
        <module name="MethodName"/>
        <module name="ParameterName"/>
        <module name="StaticVariableName"/>
        <module name="MagicNumber">
            <property name="ignoreNumbers" value="-1,0,1,2,3,4,5,6,7,8,9,10,11,12,13,14,15,16,20,32,50,100,212"/>
        </module>
        <module name="SimplifyBooleanReturn"/>
    </module>
</module>
